<?xml version="1.0" encoding="UTF-8" standalone="yes"?>
<addon id="repository.silhouette.matrix" name="Silhouette Kodi Matrix Add-ons" version="1.0.0" provider-name="Silhouette">
	<extension point="xbmc.addon.repository" name="Silhouette Kodi Matrix Add-ons">
		<info compressed="false">https://raw.githubusercontent.com/silhouette2022/kodi.matrix/master/addons.xml</info>
		<checksum>https://raw.githubusercontent.com/silhouette2022/kodi.matrix/master/addons.xml.md5</checksum>
		<datadir zip="true">https://raw.githubusercontent.com/silhouette2022/kodi.matrix/master/repo</datadir>
	</extension>
	<extension point="xbmc.addon.metadata">
		<summary>Add-ons for Kodi starting from Matrix rev</summary>
		<description>Дополнения для Коди начиная с версии Матрица</description>
		<disclaimer>For home usage only</disclaimer>
		<platform>all</platform>
	</extension>
</addon>

<addon id="repository.bimozie" version="1.2" name="Bimozie repository" provider-name="billy.nguyen">
    <requires>
        <import addon="xbmc.addon" version="12.0.0"/>
    </requires>
    <extension point="xbmc.addon.repository" name="Bimozie repository">
        <dir>
            <info compressed="false">https://raw.github.com/billythekids/kodi.repository/master/addons.xml</info>
            <checksum>https://raw.github.com/billythekids/kodi.repository/master/addons.xml.md5</checksum>
            <datadir zip="true">https://github.com/billythekids/kodi.repository/raw/master/zips/</datadir>
        </dir>
        <dir>
            <info compressed="false">https://raw.githubusercontent.com/jsergio123/zips/master/addons.xml</info>
            <checksum>https://raw.githubusercontent.com/jsergio123/zips/master/addons.xml.md5</checksum>
            <datadir zip="true">https://raw.githubusercontent.com/jsergio123/zips/master/zips/</datadir>
        </dir>
    </extension>
    <extension point="xbmc.addon.metadata">
        <summary lang="en">Bimozie repository</summary>
        <description lang="en">This is official bimozie repository
        </description>
        <disclaimer lang="en">The provider is not responsible for any issues caused by using this addon.
        </disclaimer>
        <email>billythekidsde@gmail.com</email>
        <platform>all</platform>
    </extension>
</addon>

<?xml version="1.0" encoding="UTF-8" standalone="yes"?>
<addon id="repository.vuongvan.matrix" name="Vuong custom addon" version="1.0.0" provider-name="Vuong">
	<extension point="xbmc.addon.repository" name="Vuong custom addon">
		<info compressed="false">https://raw.githubusercontent.com/vuongvan/kodi/main/addons.xml</info>
		<checksum>https://raw.githubusercontent.com/vuongvan/kodi/main/addons.xml.md5</checksum>
		<datadir zip="true">https://raw.githubusercontent.com/vuongvan/kodi/main/repo</datadir>
	</extension>
	<extension point="xbmc.addon.metadata">
		<summary>Add-ons for Kodi starting from Matrix rev</summary>
		<description>Дополнения для Коди начиная с версии Матрица</description>
		<disclaimer>For home usage only</disclaimer>
		<platform>all</platform>
	</extension>
</addon>
